date,premium_x,pnkstr_market_cap_usd,asset_fmv_usd,punks_held,unallocated_eth,cryptopunks_floor_eth,eth_price_usd,pnkstr_price_usd,pnkstr_circulating_supply,pnkstr_volume_usd
2025-09-15,9.89190188344489,14595957.98340112,1475546.1745762916,6,26.32994323425453,48.96,4609.786110950785,0.014375288465504414,1015350614.9407877,10054035.48640482
2025-09-16,9.372183345497708,14595957.98340112,1557370.0860656821,7,1.5776240628610145,48.95,4524.244939102515,0.014375288465504414,1015350614.9407877,10054035.48640482
2025-09-17,5.478981302273002,9820783.93336522,1792447.0611518575,8,11.544261784095582,48.3,4504.266635522813,0.009783168357629043,1003844927.7740216,2923678.165109294
2025-09-18,12.9765119021538,25323093.04349,1951456.079602328,8,38.59005655760747,48.3,4591.768794331328,0.025302635152523366,1000808528.077938,7440058.716041218
2025-09-19,8.728471045454473,19358222.63623391,2217825.1535032694,9,43.1092883385223,48.89,4590.6367372135155,0.018645578141483772,1038220563.0387295,4368620.260296689
2025-09-20,9.500597892139387,21286693.1306657,2240563.5279310057,10,12.19087694223046,48.9,4470.479474009387,0.021614514398141205,984833280.9408989,6456930.255585799
2025-09-21,8.656877637067636,19709751.80195524,2276773.7547266027,10,19.004378322518402,48.9,4481.799472368209,0.020068036724749962,982146488.582371,3551167.554651121
2025-09-22,8.205101038428392,18209824.14663262,2219329.665941632,10,31.504198316264826,46.69,4452.87113037789,0.018209824146632622,999999999.9999999,2241347.679720099
2025-09-23,9.758323326290345,21198572.83680923,2172358.11194093,11,5.844060967054959,46.49,4199.951774017639,0.020340358840193636,1042192667.4626662,2826863.194695514
2025-09-24,15.740386554906646,36888893.32237233,2343582.4268796756,12,5.844060967054959,46.39,4166.1905498775295,0.03607887780003216,1022451239.3880347,4665312.5319397
2025-09-25,21.167124049383265,47806915.40530541,2258545.6245152177,12,5.844060967054959,44.88,4148.65682762035,0.048682000748409,982024458.1231147,6212230.582744081
2025-09-26,19.182422153338955,43291962.44072113,2256855.891016119,13,5.844060967054959,44.49,3863.0632875907245,0.04342336523742534,996973914.9422035,5239755.300875119
2025-09-27,26.25346963150609,72002201.2617857,2742578.49619152,15,5.844060967054959,44.9,4037.0979210260916,0.07073374865936796,1017932777.8671284,6395882.241279827
2025-09-28,27.10569143946817,85715621.16502677,3162273.9215653287,17,5.844060967054959,45.95,4018.167453105732,0.08832091534220052,970501956.7892894,10292002.189702217
2025-09-29,21.361344641410078,74873436.64276376,3505090.054004265,18,5.844060967054959,46.69,4141.839664086501,0.07765618268421606,964165814.6812577,12995489.019393956
2025-09-30,22.745482289383286,82192219.88397937,3613562.4137696796,18,5.965560967054959,47.29,4215.61278947927,0.08784211895030035,935681206.9900362,4096445.8241956574
2025-10-01,24.82955703381883,93070019.13424093,3748356.0019808616,19,5.965760967054958,47.29,4144.230463371581,0.0959180064312235,970308105.8192688,2775731.0977460574
2025-10-02,36.99405428420421,145380145.5676732,3929824.6267035375,19,5.965760967054958,47.3,4343.951983440489,0.15117481298522328,961669094.8503672,8653228.74065455
2025-10-03,32.88285618476497,140865750.88524318,4283866.039304336,20,5.965760967054958,47.47,4484.006245909478,0.1459871184528112,964919044.7633675,8702541.601546729
2025-10-04,36.94224234949422,180462615.40445375,4884993.544711681,22,5.965760967054958,48.9,4515.759068159723,0.18867153467180375,956490949.831783,9885590.115274364
2025-10-05,53.389459644952595,256920421.14266387,4812193.696119435,22,5.965760967054958,48.47,4487.706651673285,0.2666516386258083,963505877.8063605,20893352.692664646
2025-10-06,46.77729059428932,268714564.82797706,5744551.713321813,26,6.035399133237346,48.7,4515.321391965295,0.27886815870448045,963589984.8743103,17890389.255057577
2025-10-07,27.724165174997406,177036483.27819884,6385638.02230757,28,6.035399133237346,48.42,4689.131734746596,0.18230798616393537,971084629.9349921,37001351.92601949
2025-10-08,26.1033512734486,158535239.49060184,6073367.278777658,28,6.035399133237346,48.48,4454.32846286666,0.16425023836204425,965205536.8172722,24313456.72129196
2025-10-09,29.288633420139817,180694409.78667125,6169438.061334057,28,6.035399133237346,48.45,4527.578004547945,0.1861624630748962,970627519.6518803,14520786.645118466
2025-10-10,22.298614409768394,135906876.81318146,6094857.479290036,29,6.035399133237346,47.9,4368.649439385323,0.14230263667819756,955055225.860084,8476446.127886754
2025-10-11,19.01077707925589,99764378.36963709,5247780.138272076,29,6.035399133237346,46.97,3835.632842050135,0.10484908281827503,951504540.5075142,9678539.078676043
2025-10-12,17.920326642691496,96066657.7285059,5360764.881352487,30,6.035399133237346,47.46,3749.218185954949,0.099987205229394,960789508.0986267,5208115.491584147
2025-10-13,23.58647055450113,137460252.42587557,5827928.01102848,30,6.035399133237346,46.5,4159.729307791921,0.14404698198967686,954273741.2973129,3939105.9515292617
2025-10-14,22.599124145019474,128686823.77551857,5694327.9283626275,30,6.035399133237346,44.5,4246.217461554773,0.13435205613959253,957832931.4276533,3160035.254391377
2025-10-15,18.830892855601896,103076796.91044885,5473813.573305162,30,6.035399133237346,43.99,4128.888447033946,0.1080292899292726,954156016.1872194,5048461.422549989
2025-10-16,17.646141743462103,93182372.00491789,5280608.835608043,30,6.035399133237346,43.99,3983.1544356894233,0.09765866376102544,954163905.3442179,5519577.501436763
2025-10-17,14.583093497662471,77723670.21764594,5329710.752393126,31,6.035399133237346,44,3890.1993012479857,0.08115695539809333,957695737.0615207,3399606.9885076503
2025-10-18,11.249506959628343,57297713.59460616,5093353.317637233,31,6.035399133237346,42.69,3831.244175835675,0.05948791281944503,963182449.6602114,5530251.074128152
2025-10-19,13.086521686747739,67667770.64261635,5170798.800657712,31,6.035399133237346,42.69,3889.4990302043157,0.07113180269825951,951301219.3668483,1623179.2778133883
2025-10-20,15.494239755873837,80765602.85397986,5212621.214497586,31,6.035399133237346,42,3985.0765644046796,0.0842641204840817,958481526.7755301,1669909.7679222536
2025-10-21,14.537242472074068,73864541.25201562,5081055.8738295,31,6.035399133237346,41,3978.7901551344357,0.07762701594757054,951531375.3900304,1399626.025931225
2025-10-22,14.204842809825713,69071136.31691737,4862506.205921532,32,6.035399133237346,39,3877.4871979550117,0.07312880626433294,944513384.6059428,912438.0602734075
2025-10-23,12.352999196702418,57240798.98580939,4633757.201335331,32,6.035399133237346,37.9,3801.7907952382916,0.059978711857877995,954351922.7529228,1177733.0200187368
2025-10-24,10.928243668628092,51480133.04868974,4710741.690037046,32,6.035399133237346,37.99,3855.8421162401205,0.0541676357390585,950385453.3486516,2568657.228433033
2025-10-25,10.767466914400844,52974065.361545146,4919826.156205365,32,6.035399133237346,38.9,3933.232269901015,0.05569348456588525,951171681.4715905,1922404.676295628
2025-10-26,13.61279787356402,67467962.63153227,4956215.706585542,32,6.035399133237346,39,3952.213557935584,0.06955464463949348,969999386.5431038,1546156.340349451
2025-10-27,14.64563610087582,78809403.15320438,5381084.345560895,33,6.035399133237346,39,4161.590896249249,0.08297683140950741,949776001.4993109,1719343.6788694237
2025-10-28,12.183936596688557,64958068.278002806,5331451.6012548525,33,6.035399133237346,39,4123.206220671679,0.06843761848986006,949157345.2052134,1428955.9282930526
2025-10-29,10.95712921852666,56421232.18785789,5149271.407008607,33,6.035399133237346,39,3982.3127893175442,0.05837727104074561,966493143.3413106,888723.4070483267
2025-10-30,11.676788178447232,57342495.631684154,4910810.640337359,33,6.035399133237346,38,3897.359267616961,0.06041011470429962,949220108.4597986,610540.427253455
2025-10-31,13.057380232910415,60903489.69138498,4664296.252772134,33,6.035399133237346,36.99,3802.2953645331804,0.06420175664678619,948626530.9912463,851431.7626278285
2025-11-01,12.941531602459053,61077577.11448717,4719501.44624935,33,6.035399133237346,36.99,3847.298177365196,0.06437416971329635,948790134.0942923,825893.4349178195
2025-11-02,12.681141116335095,58615788.092429526,4622280.24707683,33,6.035399133237346,35.99,3872.2118961957594,0.06177218582062582,948902605.8206545,512163.71530573483
2025-11-03,11.98777399993993,56695423.559852675,4729437.138215716,33,6.035399133237346,36.47,3910.0947691627284,0.05976387519580603,948657083.8002037,337833.25026711926
2025-11-04,10.170115914935685,41681832.05834937,4098461.8471394246,34,6.035399133237346,33.3,3600.71550248779,0.045175616380313866,922662165.9668826,1246146.0954485624
2025-11-05,7.680706662621591,31567975.34527165,4110035.278250923,34,6.035399133237346,36.49,3296.7437604313104,0.03315788857594179,952050226.9911201,2647119.221734279
2025-11-06,9.302740552592818,38408919.41169669,4128774.6545819263,34,6.035399133237346,35.25,3427.6905913706814,0.04049357284614448,948518905.892339,711336.0982552579
2025-11-07,8.395961990227404,32755432.238609042,3901331.649277972,34,6.035399133237346,34.5,3308.918164921951,0.03599035499315706,910116953.4125718,525913.559678513
2025-11-08,8.952200460096131,35935845.103964336,4014191.28896254,34,6.035399133237346,34.2,3434.3512285299594,0.03794731374440128,946993121.7269967,699699.2835428093
2025-11-09,9.189086391516604,36310304.88406741,3951459.73571314,34,6.035399133237346,33.99,3401.4594003397083,0.03829701391173715,948123657.0493853,233936.09088951687
2025-11-10,10.166864320837334,42238427.29604412,4154518.6365352613,34,6.035399133237346,33.99,3576.2547046627064,0.0445528768250629,948051625.5301206,335097.4841388506
2025-11-11,9.476170706336928,39711621.80363298,4190682.4005478215,34,6.035399133237346,34.4,3564.6105957999334,0.041743596933025325,951322471.5001799,338873.41670598823
2025-11-12,8.045620843406105,32738965.4567205,4069165.834921509,34,6.035399133237346,34.85,3416.781328259322,0.035632201103901,918802780.6998498,528867.4845939187
2025-11-13,8.89990434109186,34230507.72887553,3846165.803246831,34,6.035399133237346,33,3409.6144555411624,0.036109297576183655,947969360.4301153,558870.5637400564
2025-11-14,7.903694235134957,28500795.863454934,3606009.4198429324,34,6.035399133237346,32.6,3235.7276362968546,0.029779768151531247,957052308.7497392,441292.410335311
2025-11-15,7.865762533478567,26309900.5316093,3344863.313585691,34,6.035399133237346,31.49,3106.601287865052,0.027756607594766117,947878822.7913842,534341.9953828435
2025-11-16,7.522851898363649,25417875.210144415,3378755.231865357,34,6.035399133237346,31.17,3170.1129807404664,0.026814650697064926,947909987.6145917,196791.22960085183
2025-11-17,7.305997985067373,23867280.495437983,3266806.33422292,34,6.035399133237346,30.8,3101.686799467,0.025540082327377766,934502880.1983689,259834.78835073268
2025-11-18,7.093540129993158,22683413.87032267,3197756.473444318,34,6.035399133237346,30.952,3021.3021576301335,0.02389787871881005,949181060.680023,295719.46746941813
2025-11-19,9.116986081541233,29062965.625696342,3187782.1646057866,34,6.035399133237346,29.9,3117.2225871583155,0.030669500314621404,947617839.4677281,452046.13573917444
2025-11-20,8.601500100717878,26624142.494009245,3095290.610039893,34,6.035399133237346,29.99,3017.7483614097955,0.028121614711965,946750133.8990104,344508.6056549885
2025-11-21,10.244385530014958,30333909.54312079,2961027.7214036575,35,6.035399133237346,29.7,2832.068358334293,0.031052273494309446,976865978.8688161,623090.3666423606
2025-11-22,13.719976332971775,39911603.637838535,2909014.0295594516,35,6.035399133237346,29.89,2764.735218675169,0.041004136382115176,973355547.984345,1135955.7503560183
2025-11-23,14.548390695659345,42380906.1112239,2913099.2559794714,35,6.035399133237346,29.89,2768.6178294996353,0.04472642520151848,947558538.8341085,409275.6292233903
2025-11-24,15.100537207345582,46083176.14287456,3051757.3984359726,35,6.035399133237346,30.97,2799.8149340924633,0.04863187728962661,947591964.5961169,504090.0097490239
2025-11-25,14.059745629352099,45038890.491052285,3203392.982944583,35,6.035399133237346,30.8182,2953.327645752226,0.047537468293996986,947439821.8371209,680682.9243973395
2025-11-26,13.147986746859143,42156007.62042874,3206270.9243678832,35,6.035399133237346,30.828,2955.046469321271,0.04452279734120232,946840947.5119996,766232.7935337176
2025-11-27,13.327959158500862,42893577.35522493,3218315.4858984146,35,6.035399133237346,30.2,3027.477249132549,0.04557745345321836,941113952.3021351,1524731.2771485
2025-11-28,15.142491956739345,49325453.98563283,3257419.8570850124,35,6.035399133237346,30.69,3015.6118196920934,0.05207158032630583,947262473.6283317,1665118.6835232102
2025-11-29,17.33579016774917,56798095.96787644,3276348.8377669347,35,6.035399133237346,30.69,3033.135645414151,0.05995823216312749,947294373.4122561,2204787.5982345073
2025-11-30,16.586453850401323,55445164.91073418,3342798.009195476,36,6.035399133237346,30.8749,2991.2330117032593,0.05841520373563872,949156407.322559,1842717.6326813512
2025-12-01,14.225662435682555,47157631.23194597,3314969.0880938806,36,6.035399133237346,30.6,2992.8341859495977,0.04931297063468531,956292647.2488085,2432128.2676958614
2025-12-02,13.021350660463575,40315931.793675475,3096140.5498498557,36,6.035399133237346,30.5586,2799.0367919901605,0.04255740997273732,947330484.1507565,1695591.239496578
2025-12-03,15.905241984588923,52725314.272401005,3314964.608742714,36,6.035399133237346,30.57,2995.751149322771,0.0557888505606887,945086943.7620858,3717898.863394459
2025-12-04,16.965554778836005,59071190.35864934,3481830.752292215,36,6.035399133237346,30.1,3195.4089919085554,0.06247713491773214,945484943.1945362,3274655.5113862297
2025-12-05,15.04165886191707,51344106.82081047,3413460.3963665897,36,6.035399133237346,30.09,3133.698235618616,0.05414366061535232,948293968.9942566,1713286.6565144183
2025-12-06,13.739049686760103,45235893.6208377,3292505.2789080553,36,6.035399133237346,30.09,3022.6564205232035,0.04779997111677042,946358178.969001,2052833.2400670927
2025-12-07,13.152122320015868,43542711.937333986,3310698.522858739,36,6.035399133237346,30.09,3039.358573133242,0.04601393691109604,946293989.6115229,1311784.6207771078
2025-12-08,14.137305866823851,48328743.00904567,3418525.6699056914,37,6.035399133237346,30.1,3052.976330436545,0.051072941175574475,946269039.8601674,1742817.2731290255
2025-12-09,12.389357907440449,42067567.592104636,3395459.8701875336,37,6.035399133237346,29.2,3125.321462183988,0.044491331393204485,945522785.558401,1358516.2435738277
2025-12-10,12.681713587008543,45776524.251805626,3609648.1707882294,37,6.035399133237346,29.2,3322.469217836626,0.0484121581875874,945558429.2365314,1461976.4396995206
2025-12-11,11.891910731945844,44072260.28394003,3706070.5615243544,37,6.035399133237346,29.95,3326.260211637518,0.04661296327029795,945493639.3632612,1333108.885101693
2025-12-12,11.288040381322059,40565156.46810342,3593640.2686178572,37,6.035399133237346,29.85,3236.0986208578574,0.042878201819214694,946055448.8533906,1270881.7593121917
2025-12-13,11.94852842472165,40869837.5831364,3420491.3049021345,37,6.035399133237346,29.8,3085.316694358101,0.043228736123057526,945432165.0023229,1246243.670479542
2025-12-14,11.02938663271099,35803321.061918445,3246175.173126386,37,6.035399133237346,28,3115.225428835284,0.03787337936736828,945342656.5036497,1097080.7543313666
2025-12-15,10.160382689008355,31418641.751948144,3092269.52503839,37,6.035399133237346,27.1,3065.4912355563642,0.03328246967272831,943999710.9857689,1116181.7574666478
2025-12-16,9.418531999071327,28060691.295201864,2979306.254729364,37,6.035399133237346,26.999,2964.488557692104,0.029683816412164447,945319527.1650641,1022092.0049423317
2025-12-17,9.988629178952763,29746949.69846872,2978081.292791317,37,6.035399133237346,26.9899,2964.2627915054686,0.03146858646278302,945290305.0999627,1017401.3003450232
2025-12-18,9.417685472952812,26460008.065543428,2809608.3843037053,37,6.035399133237346,26.69,2827.8041755024283,0.02799255609719779,945251586.6599343,1241724.3445331065
2025-12-19,9.028080881798463,25250662.85372058,2796902.595836121,37,6.035399133237346,26.58,2826.5948465107654,0.02671599604725026,945151466.8987795,1965839.8668449796
2025-12-20,8.904973722757969,26229838.81228866,2945526.8065816355,37,6.035399133237346,26.58,2976.796869557769,0.027770963136010123,944505910.1416936,997254.2160929954
2025-12-21,8.925584387355395,26696787.940678123,2991040.897949344,37,6.035399133237346,26.9899,2977.162263207443,0.02826007221489407,944682226.4880116,795025.7264877491
2025-12-22,8.501073096296281,25626433.089304104,3014493.911417953,37,6.035399133237346,26.98,3001.6008377810244,0.027129057025090976,944612010.12637,811383.9230786568
2025-12-23,8.429804031088377,25418905.78014365,3015361.4112974578,37,6.035399133237346,26.95,3005.786780691547,0.026896855934681784,945051192.6699799,758917.8833023234
2025-12-24,8.60736697488354,25547149.392582875,2968056.2554297894,37,6.035399133237346,26.89,2965.193660040505,0.027048966855252217,944477825.3193161,890426.7393285545
2025-12-25,8.148292169688407,23725963.62494923,2911771.3418781986,37,6.035399133237346,26.55,2945.9878145019857,0.025120370519433412,944490990.1545659,727616.4636894123
2025-12-26,8.981284980030495,25723057.36674558,2864073.1725960933,37,6.035399133237346,26.49,2904.252344599994,0.02723455892933975,944500604.3051488,767686.7459086693
2025-12-27,8.366670845328573,24519398.593638167,2930603.9459324814,37,6.035399133237346,26.9,2926.695639112761,0.025961596602598808,944448793.6918228,717637.8863208739
2025-12-28,8.203172947648415,23640559.23445004,2881879.9000485567,37,6.035399133237346,26.25,2948.8621262576116,0.025031499843996427,944432390.4594158,706644.5620304516
2025-12-29,7.774367519843567,23495166.91257942,3022132.263828477,38,6.035399133237346,26.82,2947.8597605720547,0.024851146647265076,945435928.8151847,706316.6405192316
2025-12-30,7.0821134103409875,21280329.624726605,3004799.3292022143,38,6.035399133237346,26.79,2934.215601758931,0.022613318366068877,941052935.276301,844718.9197266981
2025-12-31,7.598859521270131,23094788.98351895,3039244.102206894,38,6.035399133237346,26.77,2970.055474481003,0.024632960888206594,937556353.3889234,739649.1419079677
2026-01-01,5.301606045837651,15604968.232911618,2943441.685027361,38,6.035399133237346,25.95,2966.7741798134107,0.016841038411835915,926603683.8883055,902174.9764444687
2026-01-02,6.110726586746376,19611854.5621802,3209414.50804174,38,6.035399133237346,27.99,3000.4191168879165,0.021110028803574963,929030213.3012226,845393.6407543059
2026-01-03,8.641431426723917,29113120.44776777,3369015.966236157,38,6.035399133237346,28.24,3121.9006724537576,0.030833535985945848,944203106.0283759,1083829.818270691
2026-01-04,8.943672985138186,32171195.23571108,3597089.8409602367,39,6.035399133237346,29.35,3126.041091396286,0.034400513305544105,935195209.1519012,1163498.4983050292
2026-01-05,10.322198646814218,37347658.027425684,3618188.2664070255,39,6.035399133237346,29.4,3139.057041912684,0.03955692345323613,944149715.5757773,1294059.1444290068
2026-01-06,10.266919424519887,38966363.76459105,3795331.6037067506,39,6.035399133237346,29.99,3228.2962247842056,0.04159637432725376,936773081.6640061,1422726.7530031274
2026-01-07,10.338872722331365,39666158.56426655,3836603.8183824383,39,6.035399133237346,29.7,3295.101927879638,0.04202698239283808,943825997.1533468,1281504.9689012058
2026-01-08,10.01211993124515,36016092.336021416,3597249.392071785,39,6.035399133237346,28.99,3164.794750249208,0.03815204759940134,944014662.4420378,1312434.206008044
2026-01-09,10.538777053514783,37427413.03890772,3551400.020026548,39,6.035399133237346,29.18,3104.220322474917,0.03965331513037756,943865926.8676223,1446656.8682357273
2026-01-10,10.254304335617658,36169787.43433469,3527278.5213426217,39,6.035399133237346,29.18,3083.1361173724354,0.03830528100278373,944250674.7752653,1077895.032840078
2026-01-11,8.745813176339208,30847210.110551942,3527083.129788951,39,6.035399133237346,29.18,3082.9653288303607,0.032554058766897404,947568791.0817108,1014580.4185032009
2026-01-12,9.609216619630663,34292631.063043766,3568722.8647741554,39,6.035399133237346,29.18,3119.3619360372772,0.036329681915545586,943928745.1721354,1121180.0500688732
2026-01-13,9.040163756101233,31961088.820345834,3535454.6314247022,39,6.035399133237346,29.18,3090.2827206647894,0.03388276023933852,943284685.031015,1114572.6918429066
2026-01-14,9.328368754188574,34971947.97131041,3748988.5844840226,39,6.035399133237346,28.8,3319.9354070565078,0.03637005336350191,961558885.321996,1275941.8693081478
2026-01-15,9.501178597376423,36472257.91370937,3838708.8022722276,39,6.035399133237346,29.17,3356.4964063628336,0.038663522479046655,943324756.1309289,1897469.07357005
2026-01-16,8.110075918527743,30430703.745046366,3752209.480003312,39,6.035399133237346,28.84,3318.2037023491666,0.03227717327404117,942793332.2005053,1491521.8487868304
2026-01-17,8.090175754523003,30361473.094174728,3752881.7686315943,39,6.035399133237346,29.04,3296.062650076136,0.032194180608677986,943073329.4075747,1029092.9114576809
2026-01-18,8.165121606725899,30901071.408285383,3784520.659536911,39,6.035399133237346,29.1899,3306.8712226908783,0.03276725137616169,943047405.8854396,1000704.6800463716
2026-01-19,8.17843599845341,30541448.801041525,3734387.4558432805,39,6.035399133237346,29,3284.3194316465483,0.032388357659673975,942976149.7004834,981573.1156137674
2026-01-20,9.74734594750893,33175572.04948114,3403549.256191078,39,6.035399133237346,27.24,3185.6644636922747,0.03518484172257077,942893883.4247845,1230493.4109845338
2026-01-21,9.11340341399884,28583338.204066332,3136406.5547850407,39,6.035399133237346,27.24,2935.6234193160412,0.030316675146218806,942825625.376381,982084.1222418544
2026-01-22,9.51606110416398,30268286.295581423,3180757.874950678,39,6.035399133237346,27.25,2976.0491465641335,0.032116071887321775,942465392.4607203,1030879.8975529633
2026-01-23,9.041549742758063,28490613.661281917,3151076.361007892,39,6.035399133237346,27.25,2948.277889615024,0.03022788992613407,942527372.2678818,942758.034257614
2026-01-24,9.304720193437312,28597873.202380396,3073480.1915430715,38,6.035399133237346,27.25,2950.9128485703054,0.03034435478843484,942444596.4255573,903096.4266742185
2026-01-25,8.875289689368948,29639381.215635844,3339539.5815799297,39,6.035399133237346,28.88,2949.197384616335,0.03153532646439459,939878686.4978427,907978.6853368885
2026-01-26,8.372579274311702,26607033.426329985,3177877.754823326,39,6.035399133237346,28.8,2814.1853835458546,0.028321761486969868,939455458.6080818,825978.089618463
2026-01-27,8.065992527776132,26299510.80853846,3260542.4215275683,39,6.035399133237346,28.4,2927.836546921288,0.027987883450368536,939674872.3488111,824845.9916891959
2026-01-28,7.840104751872337,26377204.972251616,3364394.457351139,39,6.035399133237346,28.4,3021.091516998928,0.02807492771100774,939528865.1770786,985695.705756103
2026-01-29,8.498132651801923,28455885.34363385,3348486.839352894,39,6.035399133237346,28.4,3006.8071129555346,0.030288885936915873,939482733.1351935,907181.6605017666
2026-01-30,7.508345249751055,23231289.385670353,3094062.4881947995,39,6.035399133237346,27.99,2818.817890220326,0.0247280150409572,939472470.6852609,877134.7943616078
2026-01-31,7.17169650727299,20857581.580698967,2908319.0510846064,39,6.035399133237346,27.44,2702.40799526457,0.022194486116170007,939764114.002305,913794.5999200919
2026-02-01,7.002947778911061,18325322.988727715,2616801.319569065,39,6.035399133237346,27.3,2443.9290245632774,0.019509531307819215,939301036.9953438,734857.4579475892
2026-02-02,6.411473200517393,15936410.001324968,2485608.143856693,39,6.035399133237346,27.93,2269.3288518651166,0.01697671421285576,938721698.5285048,574168.0983047953
2026-02-03,7.483617387050682,18574391.628964756,2482007.1187905804,39,6.035399133237346,26.99,2344.512261445349,0.01978384900839874,938866426.9060819,696141.8368872359
2026-02-04,6.55411956561296,15451914.274449836,2357588.0970375203,39,6.035399133237346,26.99,2226.985635575225,0.016458075744646555,938865181.7012082,639676.5132128275
2026-02-05,6.064891457713621,15298915.337352633,2522537.368396715,39,6.035399133237346,29.9,2152.0870116729375,0.016275254560330434,940010817.0745578,605970.2580267625
2026-02-06,7.014269571008607,14948205.69932466,2131113.6602317956,39,6.035399133237346,29.86,1820.5693215574129,0.015918688569325518,939034998.6574316,639752.60928918
2026-02-07,7.060904518994965,17032636.23682788,2412245.653656321,39,6.035399133237346,29.86,2060.7349645674162,0.018143535634363193,938771614.3136231,733155.4574687418
2026-02-08,7.239649610259997,17720638.015443172,2447720.396623832,39,6.035399133237346,29.86,2091.040353689534,0.01888137656682864,938524686.0959975,578184.4046667311
2026-02-09,6.92447717643309,16982337.72585107,2452508.2967489753,39,6.035399133237346,29.86,2095.1305644770564,0.018094885817052257,938515882.1973475,567594.241379184
2026-02-10,6.280352156790975,15471186.058309915,2463426.5200528363,39,6.035399133237346,29.86,2104.4577921908335,0.016483624432629223,938579140.8644817,511772.7574877713
2026-02-11,6.2543094988902705,14780825.32611184,2363302.5082520247,39,6.035399133237346,29.86,2018.9237788543585,0.015745827886400502,938713761.6865402,482121.9575163876
2026-02-12,6.171268762576934,14005664.912275916,2269495.212590219,39,6.035399133237346,29.85,1939.4321739711042,0.014921873248982752,938599643.5287175,441065.93017367274
2026-02-13,6.233955097182127,14193910.659314131,2276870.8529405454,39,6.035399133237346,29.85,1945.7351413092624,0.015124979751768134,938441630.4858088,430598.2573771484
2026-02-14,7.040528934273265,16867656.330825046,2395793.908141385,39,6.035399133237346,29.85,2047.3626742531244,0.017970896770977397,938609605.6188993,585598.7847016684
2026-02-15,6.86638320894448,16757060.527963292,2440449.3629389545,39,6.035399133237346,29.85,2085.5236826118394,0.017857813825248942,938360131.4216129,529368.3150328522
2026-02-16,6.69978399330213,15397404.311215445,2298194.139782484,39,6.035399133237346,29.85,1963.9572853026268,0.016411369968933196,938215660.262538,466131.3069468716
2026-02-17,6.4291731339670095,15051241.622059673,2341085.129989736,39,6.035399133237346,29.85,2000.6104432030938,0.01604563493441222,938027175.8383381,475455.43431807763
2026-02-18,6.82528379713083,15909838.881020295,2331014.9957000134,39,6.035399133237346,29.85,1992.004854467171,0.016959661620118333,938098839.3157154,525460.2732928207
2026-02-19,6.520787152088562,14915805.023618307,2287423.998932534,39,6.035399133237346,29.85,1954.7534951528544,0.015900903946465834,938047615.0183603,497916.66243298835
2026-02-20,6.325792692914173,14387688.550544519,2274448.3180204225,39,6.035399133237346,29.8,1946.9092613594232,0.015338478283887992,938012773.1222066,434245.7970599788
2026-02-21,6.1973006089452305,14246774.639706623,2298867.771420144,39,6.035399133237346,29.8,1967.8121148578189,0.01518973829178914,937921007.3295181,450686.6827674235
2026-02-22,5.911365457749599,13607111.412935792,2301855.8927188865,39,6.035399133237346,29.75,1973.6643315860636,0.014506351545149815,938010592.8485731,411003.3121268877
2026-02-23,6.015978643485461,13761721.561018448,2287528.326903328,39,6.035399133237346,29.86,1954.1913563168575,0.014673101163889207,937887731.2511358,409792.4627686576
2026-02-24,6.746405547583969,14609699.053104583,2165553.0415506414,39,6.035399133237346,29.8,1853.695790383818,0.015573784988558772,938095592.2942014,568555.2009517521
2026-02-25,6.613662321049772,14052549.594904525,2124775.791799723,39,6.035399133237346,29.25,1852.8102933693347,0.01500611482592913,936454889.084486,526110.7214285411
2026-02-26,6.733987857868165,16173763.851574028,2401810.664490015,39,6.035399133237346,29.84,2053.1886740789387,0.0173044881755924,934657164.5145081,570104.55222108
2026-02-27,6.496413335267517,15406426.050621338,2371527.9886800665,39,6.035399133237346,29.84,2027.3015182289616,0.016444208399988107,936890708.0156245,531783.5304474076
2026-02-28,6.253247060926367,14497688.068043534,2318425.5998188276,40,6.035399133237346,29.86,1931.3205870910035,0.015459775852785752,937768322.5226803,439270.85971278354
2026-03-01,6.518927279451561,15377494.426571952,2358899.5194107555,40,6.035399133237346,29.86,1965.036620141305,0.01639819932072344,937755062.3584896,591133.2453875161
2026-03-02,6.557928901110635,15259892.439400235,2326937.7679309477,40,6.035399133237346,29.86,1938.411487707785,0.01627246267111653,937774001.8716654,477016.41183793003
2026-03-03,6.460449287818082,15733808.13221825,2435404.633836558,40,6.035399133237346,29.85,2029.443994398502,0.016780899838322285,937602171.7433288,496897.79739096697
2026-03-04,6.349456875416465,15105485.604916228,2379020.111688758,40,6.035399133237346,29.85,1982.4582786533451,0.016109741157455008,937661596.0043501,454638.8865059243
2026-03-05,6.377627463907193,16269817.179455815,2551076.7556636594,40,6.035399133237346,29.85,2125.8345858015964,0.017348083587456323,937845214.85819,562523.1277105551
2026-03-06,6.165533185272831,15118866.047840707,2452158.7336443285,40,6.035399133237346,29.4,2074.5222481851615,0.0161224673453684,937751382.8355806,472050.19603339385
2026-03-07,5.618346687046067,13154516.294825893,2341350.0496784197,40,6.035399133237346,29.4,1980.7782841320018,0.014029547060502013,937629435.796995,475110.56123126054
2026-03-08,5.5085286758198775,12994481.5331505,2358975.018173329,40,6.035399133237346,29.79,1969.6937981965013,0.013860059493907798,937548755.7511739,414159.0219565161
2026-03-09,5.536307195396583,12854008.905217985,2321765.8362429817,40,6.035399133237346,29.79,1938.6249253514961,0.013711504208343677,937461616.8951112,399474.1860634257
2026-03-10,5.429216289037842,12954735.237623105,2386115.1495806267,40,6.035399133237346,29.79,1992.355228734493,0.013814712614046864,937749166.3815482,418359.0197087775
2026-03-11,5.382642975828369,12944583.194875788,2404874.938390961,40,6.035399133237346,29.39,2035.2089486782504,0.013806738068933845,937555498.6446822,391081.7317472522
2026-03-12,5.305061216506437,12861580.748006579,2424398.1780998874,40,6.035399133237346,29.39,2051.7311684113824,0.013763986243492102,934437198.6776578,403574.3294563736
2026-03-13,5.293193257560515,12596535.433393607,2379761.1045849095,40,6.035399133237346,28.5,2076.5162283684745,0.01343510989218519,937583356.926663,409476.6957239742
2026-03-14,5.175825440305867,12415042.116843177,2398659.355890006,40,6.035399133237346,28.5,2093.00633968562,0.01324281168500149,937492914.0542091,398148.025116617
2026-03-15,5.00413741276884,12233199.44702601,2444617.0114775603,40,6.035399133237346,28.9995,2096.556369062344,0.01304758633586801,937583330.136453,385037.13648304675
2026-03-16,4.961877892632482,12648923.895812448,2549221.1153752655,40,6.035399133237346,29.1497,2175.059915408281,0.013620231847309627,928686386.3709457,438610.76345885877
2026-03-17,5.235368118586122,14343180.591295999,2739669.927005927,40,6.035399133237346,28.98,2351.172929558985,0.015299723818797871,937479706.2462903,514539.61651555094
2026-03-18,5.266409315330343,14225387.964918321,2701155.0210327725,40,6.035399133237346,28.98,2318.1196031651903,0.015174016677140842,937483348.5156505,455669.4226842153
2026-03-19,4.999910373913246,12837052.097764602,2567456.4417676777,40,6.035399133237346,28.98,2203.380058379178,0.013693025483051105,937488366.8809346,433720.62165490055
2026-03-20,4.858786467196386,11897897.135212181,2448738.427905744,40,6.035399133237346,28.49,2137.450038431429,0.012688463642762118,937694071.574938,403471.9143135552
2026-03-21,4.985072489338608,12261519.142823093,2459647.1102569434,40,6.035399133237346,28.49,2146.971987874902,0.013080387556794111,937397236.0975124,226187.83626510925
2026-03-22,4.9084100164827005,12056663.637984464,2456327.7308736537,40,6.035399133237346,29.4,2078.0492129718186,0.012858246228963064,937660037.2473001,184714.6795500759
2026-03-23,5.1013421965394805,11994960.800852954,2351334.2839438985,40,6.035399133237346,28.48,2053.1449566818205,0.012794407254687381,937515944.4341167,218771.5564807246
2026-03-24,4.6886727072336205,11940124.776254825,2546589.5194249246,40,6.035399133237346,29.44,2151.498274966905,0.012737338432503487,937411284.1177,221956.1993181146
2026-03-25,4.7008721377908556,11994469.12945608,2551541.241258437,40,6.035399133237346,29.44,2155.6817607237,0.012795851894085965,937371675.503663,192981.9229112445
2026-03-26,4.71403885190488,12036917.465269133,2553419.232089098,40,6.035399133237346,29.29,2168.2595767488515,0.012840115647443749,937446187.8515464,199698.85299649547
2026-03-27,4.6588890320745895,11137327.86450943,2390554.440733269,40,6.035399133237346,28.8701,2059.332619583916,0.011881607990972714,937358636.3875356,244209.04575286494
2026-03-28,4.552257470176367,10472685.9441587,2300547.807932524,40,6.035399133237346,28.7229,1991.9001004362854,0.011172107176585502,937395764.1676899,174282.5499579021
2026-03-29,4.547022622495447,10471834.138093727,2303009.0253535374,40,6.035399133237346,28.7412,1992.7681119939894,0.011139066477288965,940099797.3613288,159413.88325017635
2026-03-30,4.251717024607776,9825192.510922015,2310876.395126131,40,6.035399133237346,28.98,1983.184167632635,0.010481406866213407,937392531.0154035,237290.84625895307
2026-03-31,4.339663221437029,10233930.01233847,2358231.3857409474,40,6.035399133237346,28.98,2023.82401658508,0.01091796715372875,937347572.8806653,198549.1488459187
2026-04-01,4.53805713676333,10851467.174884956,2391214.3121724837,40,6.035399133237346,28.25,2104.8765857093113,0.011580152857810552,937074605.8473561,193603.2245445921
2026-04-02,4.4904434758120635,10619980.198618308,2365018.1225580983,40,6.035399133237346,27.49,2139.0578887146285,0.01133823837301418,936651695.7250273,282794.9449581509
2026-04-03,4.394520045391736,9990273.212335158,2273347.9672737746,40,6.035399133237346,27.48,2056.8902960008427,0.011012305120391398,907191827.9703536,37659.157026866545
2026-04-04,4.269011905375541,9868311.00618301,2311614.777592171,40,6.035399133237346,27.99,2053.6088145168164,0.010528665321684259,937280339.4043479,382126.96457557124
2026-04-05,4.104668858222547,9830595.173867594,2394978.8675826476,40,6.035399133237346,28.8441,2064.9940579142453,0.010488684455147428,937257214.277538,370490.79091849003
2026-04-06,4.10308511920792,9906752.20097765,2414464.2173277894,40,6.035399133237346,28.47,2109.005555869251,0.010688076815168732,926897548.7636642,381752.0708677499
2026-04-07,4.102479245564442,9823663.828049222,2394567.5870683477,40,6.035399133237346,28.25,2107.828320222534,0.010481598270555649,937229568.8573887,378413.6959001199
2026-04-08,4.528571613019603,11533286.133981314,2546782.323331979,40,6.035399133237346,28.25,2241.8159903072574,0.012303495030559084,937399178.4720726,424759.3274130516
2026-04-09,4.571418426168683,11271655.97883301,2465680.2173936665,40,6.035399133237346,27.99,2190.478568186725,0.012027640598730516,937146058.3900971,464716.89621287474
2026-04-10,4.3870854430857795,10809721.948561003,2463987.102324974,40,6.035399133237346,27.99,2188.9744265525896,0.01153496035764284,937126926.6130328,400709.8506428114
2026-04-11,4.645236441174416,11305153.899291873,2433709.035580046,40,6.035399133237346,26.95,2245.0457222392993,0.012063692650738573,937122175.3233029,431592.87919204857
2026-04-12,4.957604154415014,12640658.086082885,2549751.390462608,40,6.035399133237346,27.74,2285.4701387600003,0.013488939668757046,937112804.7492908,515396.3536737129
2026-04-13,4.857688327871755,11432965.304235442,2353581.4841468926,40,6.035399133237346,26.69,2192.1608453362987,0.012037216128318415,949801447.6402538,416343.5605742936
2026-04-14,4.951161917334199,12279397.585036246,2480104.2240298437,40,6.035399133237346,25.99,2371.8632958349403,0.01311800262669747,936072200.507529,443615.19090284157
2026-04-15,4.6708391892150605,11776298.311838003,2521238.2261049375,40,6.035399133237346,26.98,2323.217827319875,0.01256379936501017,937319832.1388882,491641.22190120706
2026-04-16,4.833678398824334,11926465.84171746,2467368.5044123456,40,6.035399133237346,25.99,2359.683410161545,0.012727712023968024,937047115.7155576,449090.445353524
2026-04-17,4.835772319982577,12239568.645617789,2531047.335508527,40,6.035399133237346,26.79,2348.7047080527386,0.013063818638816603,936905891.3027378,470855.9520056881
2026-04-18,5.133960005519959,13389338.903098362,2607994.391990265,40,6.035399133237346,26.78,2421.00695362286,0.014288610739491543,937063731.8918815,550088.8763810301
2026-04-19,4.751053810965832,11969549.570068253,2519346.2432358745,40,6.035399133237346,26.64,2350.9360042357484,0.012774380303949716,936996494.9585369,496801.59029155964
2026-04-20,5.1407872242830654,12178915.808138773,2369076.0338436775,40,6.035399133237346,26,2264.8143990219965,0.013001848468733368,936706487.3449671,444368.57171403733
2026-04-21,5.167824207355221,13471479.697876435,2606799.139704259,40,6.035399133237346,28,2315.024147296644,0.014382612602673475,936650389.608097,649087.0232104124
2026-04-22,5.150820764737728,13921581.187896226,2702788.899820142,40,6.035399133237346,28.88,2327.5116327297133,0.014864257213405846,936581020.3647825,574719.3263576246
2026-04-23,5.862006923723267,16253913.016785143,2772755.6838949337,40,6.035399133237346,29,2377.9343971512685,0.01743482975781307,932266804.0105913,822656.7326847018
2026-04-24,5.2173962448454585,14505893.642124392,2780293.648667289,40,6.035399133237346,29.67,2330.8275816492055,0.015491794675675186,936359792.1228049,651586.2913952289
2026-04-25,4.665333535899055,13299293.768852184,2850663.0161629547,41,6.035399133237346,29.88,2315.512435446713,0.014204183228131646,936294157.5206301,528805.6093880452
2026-04-26,6.6258577813000255,19591884.9186266,2956882.801487263,41,6.035399133237346,30.95,2319.1503239938397,0.020929185672172865,936103545.8095094,1432742.7275824419
2026-04-27,6.512633095214176,19639224.09228066,3015558.1936148973,41,6.035399133237346,30.89,2369.743028837697,0.020991297975554137,935588838.5345173,978069.0947860976
2026-04-28,5.8547622146845315,17128536.686308917,2925573.4149797307,41,6.035399133237346,30.88,2299.7704586966606,0.018309363366717395,935506950.3642615,827409.1662293385
2026-04-29,5.753038234816977,16745122.076514183,2910657.185480517,41,6.035399133237346,30.88,2288.0449269490086,0.01789916044014589,935525559.0064815,730161.058271946
2026-04-30,5.8728469928285145,16792041.91952238,2859267.7350572175,41,6.035399133237346,30.8,2253.4583579638706,0.01795018791461189,935480007.1955374,609219.5573365254
2026-05-01,5.434284877772426,15630861.468490792,2876341.9327582354,41,6.035399133237346,30.95,2255.980291785015,0.01671472552708767,935155138.6925032,648103.0587231865
2026-05-02,5.5928869562897185,16362900.75027701,2925662.6994535294,41,6.035399133237346,30.95,2294.6636890449554,0.017509586878945264,934510954.6789417,731607.4978942488
2026-05-03,5.281580632757071,15598018.568972562,2953286.081108288,41,6.035399133237346,30.95,2316.3293345288466,0.016690637199552064,934537033.0972849,727241.7381299745
2026-05-04,5.337692839809667,15816843.909318583,2963236.0617218628,41,6.035399133237346,30.95,2324.133330261142,0.01693233314303251,934120760.3056794,689718.0871651651
2026-05-05,5.262788553540838,15741580.633904893,2991110.221084953,41,6.035399133237346,30.95,2345.9956663961593,0.016918521334554217,930434777.5212748,670877.8713259838
2026-05-06,5.184017733617203,15620761.847993474,3013253.9375196006,41,6.035399133237346,30.98,2361.0857066652707,0.016761553406504818,931939986.0594887,673544.5097470565
2026-05-07,5.049641280901458,15157224.25798704,3001643.7633528663,41,6.035399133237346,31,2350.4781193929102,0.01623197293029074,933788167.53088,90010.78457324138
2026-05-08,4.72988649371452,13839289.3981206,2925924.2090717056,41,6.035399133237346,31,2291.184888890017,0.014823912054700326,933578757.5542501,130973.18823857636
2026-05-09,4.597378776204284,13543441.494043576,2945905.080552313,41,6.035399133237346,31,2306.8311830289026,0.01451083887850006,933332773.345735,79248.55697121499
2026-05-10,4.488796345454701,13331790.150854899,2970014.4815780073,41,6.035399133237346,30.99,2326.4573018792307,0.014278057862850099,933725740.4974326,119492.56377540535
2026-05-11,4.879540593596387,14140222.005472073,2897859.282906437,41,6.035399133237346,29.69,2368.837665726271,0.01514451732280544,933685881.4363767,53118.42356466257
2026-05-12,4.906521013267404,13991163.766131185,2851544.654205819,41,6.035399133237346,29.58,2339.603401986634,0.014473469136910727,966676588.2997912,45730.65939682925
2026-05-13,4.744498252712145,13201734.804413456,2782535.4971659686,41,6.035399133237346,29.689,2274.643164858102,0.014591537088334296,904752852.5948123,38967.08195849215
2026-05-14,4.5605215076635375,12683475.566221911,2781145.8722228357,41,6.035399133237346,29.899,2257.6171092097293,0.013586177381192208,933557336.2806277,26136.713120589055
2026-05-15,4.341022164045518,12639671.587949187,2911680.961372915,41,6.035399133237346,30.98,2281.4964960855596,0.01353478234149981,933865892.2644016,30868.659585183534
2026-05-16,4.1405321794259216,12448417.16266598,3006477.5790226883,41,6.035399133237346,32.830438512707545,2223.5888907434723,0.013337072544729782,933369532.2505418,51731.85687507049
2026-05-17,4.465691647171761,13005846.805959424,2912392.4877787665,40,6.035399133237346,33.25,2179.876738047661,0.014139541242109196,919820988.7621037,72262.05660081684
2026-05-18,4.9596363864486275,14100661.037986597,2843083.633411974,40,6.035399133237346,33.25,2128.0002275811294,0.015253046675196173,924448822.4714127,1160852.7586480184
2026-05-19,5.420095889727662,15358198.359671822,2833565.802549576,39,6.035399133237346,33.98,2128.491500875394,0.016574096915482,926638623.9919717,90706.06901348346
2026-05-20,5.41078985116109,15235849.41871096,2815827.2336970414,39,8.190884557745374,33.98,2111.7475988138285,0.01651076421990419,922782811.0066351,316682.98024090484
2026-05-21,5.073634002004095,14191479.795145217,2797103.5730089233,39,9.144717698724529,33.48,2127.2938085253463,0.015380023712821806,922721580.9371126,137614.76576063683
2026-05-22,4.831123306459545,13544611.140739128,2803615.2839711313,39,9.485149167987961,33.48,2131.694272748801,0.014678891686086337,922727098.9115372,44906.61502149752
2026-05-23,4.833052995331495,13072145.680471363,2704738.7423846684,39,6.035399133237346,33.44,2064.3781409811045,0.014166981008933646,922719220.999034,42115.49641096832
2026-05-24,4.765098339858928,13126242.14258948,2754663.4311387762,39,6.035399133237346,33.23,2115.708147579567,0.01422712497707635,922620850.2237324,49143.09593129539
2026-05-25,4.726259715611153,12967375.287633039,2743686.565679183,39,11.706484400695706,33.23,2098.138643929662,0.01407020451678799,921619530.9855589,36543.86537947611
2026-05-26,4.551366480734482,12480694.233047683,2742186.1732904436,39,12.260166655085095,32.99,2111.2088364861415,0.013527688849091522,922603585.303919,34673.986744031885
2026-05-27,4.313964468423992,11551804.804143172,2677770.0392982974,39,17.787764915240864,32.7,2070.833946428856,0.012502618311399571,923950849.0481973,71689.8396702525
2026-05-28,4.1568164269662145,10490449.507560365,2523673.9923145105,39,6.035399133237346,31.84,2022.5062490754037,0.011371173442896653,922547664.9565609,338328.3760668681
2026-05-29,4.2956989710001565,10474960.759265337,2438476.4458545097,39,6.035399133237346,30.99,2007.5624108851769,0.011354764815871068,922516752.1412694,89388.48108442624
2026-05-30,4.173775013352595,10037543.039671715,2404907.549534884,39,6.035399133237346,30.49,2012.230102947315,0.010880836924440923,922497332.6385427,39689.987955909775
2026-05-31,3.8274006474337696,9640191.04740349,2518730.5786414426,39,6.035399133237346,31.83,2019.175626778262,0.010451083139436395,922410712.7257401,25605.814707574456
2026-06-01,3.730444653540672,9325236.49316889,2499765.405799022,39,6.035399133237346,31.83,2003.971930485462,0.010384430733724423,898001703.9243472,41722.14328148246
2026-06-02,3.997992088131426,9881687.408649847,2471662.5723159774,39,6.035399133237346,31.48,2003.3651516762716,0.01071160477860796,922521658.78865,35312.81503872272
2026-06-03,4.14277574558013,9411275.704488384,2271731.8731358177,39,21.97798978886992,30.82,1856.053796035668,0.010201112172567547,922573494.4663031,59172.511357846706
2026-06-04,3.9320027793360572,8713727.087627627,2216104.0000838945,39,22.644090260384104,30.79,1811.3503544806065,0.00943321572581366,923728168.7285941,46418.38029982067
2026-06-05,3.6692217337142248,8250656.937773221,2248612.2498302576,39,22.991872104734867,32,1769.1790948329233,0.008944738430998257,922403377.2950056,35567.27420548364
2026-06-06,3.5800107643475543,7206472.938829021,2012975.2152134597,39,6.035399133237346,32.5,1580.6197586525523,0.007818808274319541,921684313.7717415,62164.4561557821
2026-06-07,3.783402169720681,7709292.855830583,2037661.477685239,39,23.594348557188116,32.7,1568.766143257666,0.008358357121587407,922345473.3609713,32083.90365102733
2026-06-08,3.7587786487180166,8125237.293674904,2161669.5349820955,39,6.035399133237346,32.7,1687.0442636989208,0.008960574640327856,906776364.2196068,34797.75677451156
2026-06-09,3.423648307601303,7414179.837184276,2165578.69589673,39,6.035399133237346,32.7,1690.0951127719102,0.008030405582424493,923263434.3414857,103730.75863768657
2026-06-10,3.4574378246541992,7379748.1616728455,2134455.783716354,39,27.917775550537876,32.7,1637.8350754267938,0.00801136084783227,921160374.8531278,13265.365372741202
2026-06-11,3.715758707453663,7522218.004129146,2024409.7091234366,38,6.035399133237346,32.7,1621.2977067034271,0.007939909692949807,947393395.5204116,13606.195669116252
2026-06-12,4.019085593283275,8534263.787978351,2123434.196634397,38,31.28077704085726,32.6,1671.88909163853,0.009302933630434764,917373392.8465649,91117.44623198293
2026-06-13,3.913440240127161,8136187.275832984,2079037.0560426933,38,6.035399133237346,32.7,1665.0473448741673,0.00888128185003889,916105063.7974468,26070.51202456328
2026-06-14,4.019384054439755,8425119.030954238,2096121.9223746406,38,6.035399133237346,32.7,1678.7301752214464,0.00919541139037184,916230788.736201,12036.113465780336
2026-06-15,3.8442000460639,8445890.864578705,2197047.698708215,38,31.702622127275717,32.69,1724.6319835654128,0.009077293610626895,930441520.0022837,17032.381213164146
2026-06-16,3.762441398317036,8601656.121493386,2286190.05875838,38,31.71874279564122,32.7,1794.048837218593,0.009380790083694194,916943673.6938493,14893.568039899383
2026-06-17,3.732158465586602,8563836.57316061,2294606.9016430653,39,6.035399133237346,32.7,1790.7933420049565,0.009348911135772244,916025026.7426693,24426.329155883373
2026-06-18,3.635952997662622,8143450.968154576,2239701.936023267,39,6.035399133237346,32.7,1747.943541978407,0.009049471527882807,899881384.5718346,14488.47351941304
2026-06-19,3.597931559114546,7845949.375886168,2180683.330679326,39,0.25337560344478527,32.7,1709.5978673943596,0.00849637580097747,923446603.5487186,9814.02298255507
2026-06-20,3.759164832203244,8218439.075000683,2186240.6789392796,39,6.035399133237346,32.7,1706.2204637584878,0.008992194306351139,913952567.6392516,13065.218700182337
2026-06-21,3.6709237268609516,8006181.0319784125,2180971.7737787454,39,6.035399133237346,32,1739.162846029854,0.00873866302657844,916179169.2422284,14372.666313113772
2026-06-22,3.6789866979319172,7949559.53787768,2160801.381083111,39,0.5183969556017646,32.49,1704.601590081602,0.008675176955700244,916357047.063371,6027.923243760125
2026-06-23,3.8777093968219094,8263507.983027262,2131028.1760154236,39,6.035399133237346,31.49,1726.7237535480692,0.009022936895233256,915833511.746359,10359.323162361537
2026-06-24,3.868858025328673,7916183.981043707,2046129.3563159893,39,0.7933948555608296,31.49,1665.0042345732809,0.008645185838794077,915675397.6902294,14294.639487013068
2026-06-25,3.7346281162829915,7456428.148008052,1996565.09720419,39,6.035399133237346,31.49,1617.7713732971931,0.0081177834937733,918530058.5717103,17385.22568652546
2026-06-26,3.698906999986082,7256360.513372402,1961758.0310615285,39,6.035399133237346,31.99,1564.8428434530815,0.00826840245922834,877601271.7273575,33609.114372789874
2026-06-27,3.663647315454488,7352967.838534895,2007007.5543346165,39,6.035399133237346,32.5,1575.9338575909055,0.008023810991557214,916393450.2285521,61353.56487872525
2026-06-28,3.6731695593580334,7352167.309262217,2001586.692487773,39,6.035399133237346,32.5,1571.677311718264,0.008027437862112935,915879691.0733137,8523.049668022102
2026-06-29,3.673798647706499,7105229.674049651,1934028.0607064152,39,1.9629750878703665,31.5,1571.7889118673413,0.007725131816229777,919755137.2679791,20817.217759219337
2026-06-30,3.7256589764158936,7489464.733282282,2010238.9350963067,39,2.022135801878472,31.97,1609.669293479286,0.008175089427558162,916132453.3081381,14324.766745954605
2026-07-01,3.8208346488443805,7264997.386161022,1901416.3275446468,39,2.1362720305299816,31,1569.9441685094844,0.007688603557410928,944904667.2667109,17396.72418001181
2026-07-02,3.6461075424835516,7325144.459173498,2009031.3776603432,39,2.2350106504451466,31.97,1608.4281927120421,0.007998262296653867,915841990.1080297,14291.75915039643
2026-07-03,3.7471563809601105,8066695.137021962,2152751.130966966,39,2.3560776289419345,32.44,1698.4014396045966,0.008585943343874535,939523452.9211026,25880.76634714652
2026-07-04,3.7437606361943794,8357254.613067039,2232315.42430084,39,6.035399133237346,32.44,1756.0757581587702,0.009130786873956612,915283066.8848609,25468.284588859195
2026-07-05,4.1490224393858295,9382632.237965954,2261407.9280214366,39,6.035399133237346,32.44,1778.9616998011275,0.010244385665772635,915880419.1952796,52821.434305989256
2026-07-06,4.118449702862658,9337005.192986418,2267116.479896899,39,6.035399133237346,32.44,1783.452395629129,0.010205323677409063,914915145.0879709,20933.17033250627
2026-07-07,4.1494185030032025,9473636.046446482,2283123.7773653823,39,3.5271342004042956,32.44,1799.5955943892593,0.010344404321929058,915822289.1929468,48494.4374817282
2026-07-08,3.8166400209856564,8588192.865589345,2250197.246365253,39,6.035399133237346,32.44,1770.1426923819474,0.009393397413124012,914279731.590013,65313.88939533629
2026-07-09,3.7247746472835552,8250723.094466929,2215093.2273135255,39,6.035399133237346,32.44,1742.5277253393804,0.009009558682037774,915774388.6963382,18588.484172282435
2026-07-10,3.8504286380915023,8543794.136850258,2218920.2657408714,39,6.035399133237346,32.44,1745.5383076856942,0.009323164092564819,916404994.272695,17908.161218204597
2026-07-11,3.6656943327355394,8367303.833415291,2282597.258231064,39,6.035399133237346,32.44,1795.6305220955405,0.009387175797858457,891354760.3235645,9975.870189674386
2026-07-12,3.866580260663448,8790543.742462628,2273467.2888839245,39,4.453631519340218,32.44,1790.6764959378058,0.009586811632605689,916941323.0739951,18710.53218024164
2026-07-13,3.4496128681844667,7919943.4865597915,2295893.42027474,39,6.035399133237346,32.45,1805.5361612674312,0.008648850070817013,915722138.9792961,70990.15053936615
2026-07-14,3.3451034843327134,7539879.940443918,2254004.988413082,39,6.035399133237346,32.43,1773.6822568982184,0.008247229115999222,914231899.5136098,7818.26186331012
2026-07-15,3.3947031015201996,8154996.553544348,2402270.923160384,39,5.914031793313329,32.43,1890.5336519969205,0.008994999586201164,906614444.5470095,35995.36451857735
2026-07-16,3.398494102725359,8337181.109519075,2453198.639607239,39,14.703150610089468,32.43,1917.3506207906617,0.009104764819929313,915694284.7408773,13946.127071257746
2026-07-17,3.373156495595527,7930517.1892251205,2351067.0790342316,39,14.703150610089468,31.98,1863.082611565993,0.008660660355076143,915694284.7408773,18610.480500426296
2026-07-18,3.2498591975071425,7553869.562811891,2324368.2583559956,39,14.703150610089468,31.99,1841.3562888357803,0.008249491563830758,915676984.9830786,86753.24405652529
2026-07-19,3.267492312763357,7676541.109644732,2349367.7642817744,39,14.703150610089468,31.99,1861.160808747259,0.008383716436063107,915648944.9742821,9666.103588976222
2026-07-20,3.299780298055522,7792817.369214656,2361617.0366877965,39,14.703150610089468,31.99,1870.8646388943991,0.008510704251871915,915648944.9742821,14778.873781792025
2026-07-21,3.2554078223123724,7821511.809851874,2402621.1881177207,39,14.703150610089468,32,1902.7601118733778,0.00854213329094123,915639166.8749115,11566.635488594291
2026-07-22,3.24025405701574,7880118.161053812,2431944.5396548216,39,14.703150610089468,32,1925.9827921390704,0.008606139237084798,915639166.8749115,32644.01131128087
2026-07-23,3.0710602803345552,7494168.467704396,2440254.4345003855,39,14.703150610089468,31.99,1933.1609064842462,0.008184974995830424,915600655.044403,110520.24822700174
2026-07-24,2.959784487954083,7013322.43710719,2369538.2098427946,39,14.703150610089468,31.99,1877.1397641683218,0.007660316050800478,915539566.591945,31347.5346592767
2026-07-25,2.9339531200522346,6980409.422429394,2379182.3307337365,39,14.703150610089468,32.42,1860.0685417511193,0.007624627836084991,915508215.2853793,113542.0288365808
2026-07-26,3.6278097714560142,8681539.001608863,2393052.4334313553,39,14.703150610089468,32.39,1872.625250228379,0.009483241489638524,915461133.31548,444483.6121759847
2026-07-27,3.3412561543073527,8333813.822132167,2494215.779113104,39,14.703150610089468,32.39,1951.7881774065308,0.009104077589819029,915393540.9614438,74455.3056893066
2026-07-28,3.6014740451746645,8695799.918081464,2414511.3386926367,39,14.703150610089468,32.37,1890.5713453129135,0.00949952072957409,915393540.9614439,122516.5248719311
2026-07-29,3.47108334112554,8503896.74755834,2449925.833472166,39,14.703150610089468,32.29,1922.9988578210239,0.00929037759348076,915344576.9013405,163278.25758572758
2026-07-30,3.366477995255683,8179848.197760352,2429794.0486431415,39,14.703150610089468,32.28,1907.7810005881443,0.008936489057921578,915331305.699914,77313.78960211766
2026-07-31,3.199922585507989,7817521.33935361,2443034.5205093687,39,14.703150610089468,32.27,1918.7644614332812,0.00854072254643418,915323182.1840985,60113.31504793679
2026-08-01,3.275804137220962,7768531.436196893,2371488.376831757,39,14.703150610089468,32.26,1863.142662703628,0.008487315673052259,915310769.0883292,29897.32163925668
2026-08-02,3.2497585736140984,7630123.2844610335,2347904.6555681443,39,14.703150610089468,32.26,1844.6142829481894,0.00833618718564524,915301337.9545944,15508.404066061308
2026-08-03,2.998807371669003,7182493.269987916,2395116.5846275943,39,14.703150610089468,32.26,1881.7059929808206,0.007847135115128849,915301337.9545944,66460.78828664156
2026-08-04,2.904088758321801,6750883.395306329,2324613.314920682,39,14.703150610089468,31.7,1858.1994088400288,0.007375919229415129,915259940.5351187,60053.43912154455
2026-08-05,2.824707910753153,6601434.36191507,2337032.5607064012,39,14.703150610089468,31.7,1868.126838502906,0.007212811234048292,915237366.9163557,44636.27383088141
2026-08-06,2.654993853334237,6300224.276624276,2372971.3229701933,38,14.703150610089468,32.37,1906.3637301659685,0.006883975093190976,915201492.064651,87765.13621216314
2026-08-07,3.0041761088122767,7292247.500843316,2427370.1796151893,39,14.703150610089468,32.35,1901.8013771932322,0.008035366385875157,907518979.3040277,209590.6491677953
2026-08-08,2.870572609106413,6973781.801827396,2429404.426038288,39,14.703150610089468,32.2,1912.1593085949448,0.007684697221982888,907489469.0552227,27237.469335060952
2026-08-09,2.748536813548709,6688567.151602152,2433501.0244837743,39,14.703150610089468,32.2,1915.3836992180761,0.007370554519053634,907471362.4750383,38874.9170476204
2026-08-10,2.637226463463706,6355258.813763377,2409826.725846079,39,14.703150610089468,31.98,1909.6461814501333,0.007003469718791945,907444319.593577,74372.30443556065
2026-08-11,2.7489577375826726,6488080.855230987,2360196.654364121,39,14.703150610089468,31.98,1870.3172639499164,0.007149839075676672,907444319.5935769,66423.73257825409
2026-08-12,2.642143744844436,6156716.340131387,2330197.3452976844,39,2.0662083540087255,31.72,1880.4862005694617,0.006785233584923042,907369844.0996584,52894.84636041718
2026-08-13,2.7054851154810273,6295401.751045665,2326903.118048151,39,2.121776384575089,31.72,1877.743530062547,0.006938278830052496,907343435.6338822,12842.88574556306
2026-08-14,2.5953875532685933,6149897.607904228,2369548.8560693515,39,2.439245669102778,32.18,1884.3941576877892,0.006778195364908141,907306041.9213179,21662.802636560693
2026-08-15,2.5067310666965925,5985553.647273913,2387792.5026723207,39,14.703150610089468,32.18,1880.5615236085205,0.0065970613780978035,907306041.9213179,30368.589930375434
2026-08-16,2.4674514372027243,5893112.2779846955,2388339.721354573,39,14.703150610089468,32.18,1880.9924984095935,0.006495309122619215,907287423.3902997,22671.004752092842
2026-08-17,2.4856954799676205,5859339.783259519,2357223.4935776787,39,2.957017945000955,32.17,1874.401898191962,0.006458101265309156,907285213.1839446,9605.69625690509
2026-08-18,2.488866506658902,5991142.340208586,2407177.051954948,39,3.0037698387491663,32.2,1912.2734691708965,0.006603372625443562,907285213.1839446,17473.619730729497
2026-08-19,2.4464795593910162,5901932.26379098,2412418.383442412,39,3.0282830971931443,32.2,1916.3998901478055,0.006505330802363786,907245525.7227573,15801.030803808035
2026-08-20,2.4555230672751938,7075849.789867174,2881605.912877451,39,14.703150610089468,32.41,2253.555445653698,0.007799334292688323,907237659.5654584,46447.17239077506
2026-08-21,2.334907458816446,6955173.413116875,2978779.0461907303,39,14.703150610089468,32.45,2326.710967101489,0.007666409155446142,907227004.4674028,31915.807735232644
2026-08-22,2.6856190176004473,8536274.682161767,3178512.8963633776,39,14.703150610089468,31.98,2518.784836324378,0.009409819917918191,907166636.1974666,83886.33076733787
2026-08-23,2.5911574825003982,7854929.821476045,3031436.674353056,39,3.6757402868098965,31.98,2423.4127407436827,0.008658998628881262,907140670.4323381,48547.17802638425
2026-08-24,2.5447295287155485,7950768.169644124,3124405.984968183,39,3.6838129757103864,32.44,2462.403924751607,0.00876483975341292,907120768.1290685,8648.382303693623
2026-08-25,2.7133948242660426,8619006.478619797,3176466.02755321,39,14.703150610089468,32.44,2481.879430655568,0.009501624148856932,907108757.7860764,40452.816967309205
2026-08-26,2.6507442715533753,8171138.541616692,3082582.740744087,39,14.703150610089468,31.99,2442.0111121033965,0.0090079992436168,907098049.2595935,46178.74237528196
2026-08-27,2.5349597465834806,8131583.501967479,3207776.1837942037,39,14.703150610089468,32.44,2506.3431057180687,0.008964746874178111,907062253.5243621,33260.2983434437
2026-08-28,2.446097999132589,7728388.859052175,3159476.3831182313,39,14.703150610089468,31.88,2511.461241063819,0.008520308406229467,907055060.7536348,49679.840427651994
2026-08-29,2.522857076215052,7751744.080513165,3072605.3225903767,39,14.703150610089468,31.88,2442.407614756763,0.0085460568116698,907055060.7536348,91199.24129125715
2026-08-30,2.269699485580691,6986645.9853905095,3078225.12617921,39,5.573328290011819,31.98,2457.089335222437,0.0077025599521881195,907055060.7536348,61454.9721744988
2026-08-31,2.2251068914374916,6786695.774234628,3050053.820043765,39,14.703150610089468,31.99,2416.2418165172735,0.007482121061753232,907055060.7536348,40652.75780023427
2026-09-01,2.193889974857242,6653625.661044791,3032798.242982877,38,14.703150610089468,31.97,2466.565659094493,0.007335415399718477,907055060.7536348,34561.36172437838
2026-09-02,2.781203119541908,8123788.832393826,2920962.074043659,38,11.54941922190696,31.49,2417.6758884733536,0.00895622458204919,907055060.7536348,232521.30007187274
2026-09-03,2.670387653049177,7535562.602107993,2821898.383743471,38,11.823906856861074,30.75,2390.783044679688,0.008307723453796734,907055060.7536348,38048.86696265944
2026-09-04,2.5023599451148453,7415438.047277104,2963377.855273644,38,13.61584153548324,30.74,2507.6482840896088,0.008175289867316237,907055060.7536348,52498.85740482046
2026-09-05,2.3277670956893117,6599489.392689205,2835115.851972693,38,14.703150610089468,29.99,2456.085066364875,0.007275731847200059,907055060.7536348,70767.48410377369
2026-09-06,2.2247035882903865,6368714.737976048,2862725.0711049563,38,14.703150610089468,29.99,2480.0031686031184,0.0070213099662158815,907055060.7536348,23309.796633642683
2026-09-07,2.303003112432234,6676666.560056183,2899113.1292935424,38,14.703150610089468,29.96,2514.0092688310365,0.007360817274431846,907055060.7536348,17787.634976001158
2026-09-08,2.3387933213408787,6702982.918394368,2866000.53849624,38,14.703150610089468,29.91,2489.3967543757462,0.007389830241204029,907055060.7536348,25375.6476887465
2026-09-09,2.2108701523442895,6325341.243309362,2861018.878292018,38,14.703150610089468,29.91,2485.0697039871584,0.006973492037025729,907055060.7536349,23744.501229137502
2026-09-10,2.225326535097534,6321762.708270441,2840824.7547335173,38,14.703150610089468,29.91,2467.529167979314,0.006969546813418303,907055060.7536348,32092.798850128558
2026-09-11,2.2695795042254177,6343825.739961289,2795154.665501073,38,14.703150610089468,29.79,2437.514812545618,0.00699387061981713,907055060.7536349,19888.723764197923
2026-09-12,2.1505210610222703,6201743.748921296,2883833.067867393,38,14.703150610089468,29.79,2514.846819245876,0.006837229642672983,907055060.7536349,136226.95975197718
2026-09-13,2.193069834188112,6350653.094357764,2895782.430343271,38,14.703150610089468,29.79,2525.267261590238,0.0070013975657456425,907055060.7536348,21570.016757466135
2026-09-14,2.2604729501370544,6411389.899037726,2836304.6320235766,38,14.703150610089468,29.75,2476.682526163658,0.00706835800432089,907055060.7536348,23943.895384632684
2026-09-15,2.395695388235256,6664562.877282024,2781890.7654162785,37,14.703150610089468,29.5006,2514.759550467769,0.007347473340532065,907055060.7536348,36719.981405683764
2026-09-16,2.5832588161371905,6802002.108488866,2633109.027248019,37,14.703150610089468,29.2857,2397.4972601650115,0.007498995819324752,907055060.7536348,153322.9401234283
2026-09-17,2.475044833447846,6656698.363418844,2689526.376839716,37,14.703150610089468,29.69,2415.9596535242995,0.007338802958541531,907055060.7536348,9440.841545937034
2026-09-18,2.361178263266484,6429790.073879124,2723127.7595212446,37,14.703150610089468,29.69,2446.143252227872,0.00724306334798561,887716945.8510027,13053.731574697917
2026-09-19,2.455251253660154,7129870.179984319,2903926.9074215926,37,14.703150610089468,29.6554,2611.5555571198493,0.008031887104464399,887695517.5355108,35686.92871433131
2026-09-20,2.647973627372021,7620202.369458036,2877748.588841007,36,26.325537909154573,29.64,2632.0095970320526,0.008584289754541403,887691653.8641615,57500.82422593376
2026-09-21,2.629723695588713,7958357.672019128,3026309.4504449447,36,28.277033165501333,31,2644.7349398187544,0.009059289004452353,878474863.547001,210799.72118214788
2026-09-22,3.0778824453478077,10516562.929601863,3416817.6063701054,37,31.300782863584235,32.43,2775.1686826711957,0.011971412486244545,878473024.1051888,388711.83970402146
